filename,title,category,subcategory,duration_sec,size_bytes,format,source_collection,bundle_name,creator,license,source_asset_id,variation_group,duplicate_of_id,tags
sword_clash_sword_clash.1.ogg,Sword Clash Sword Clash.1,FOL,Foley,1.03,16491,.ogg,Kenney_RPG_Audio,Kenney_CC0_RPG_Foley_Pack,Kenney (kenney.nl),CC0 1.0 Universal,sword_clash_sword_clash.1,,,clash fol foley sword
sword_clash_sword_clash.10.ogg,Sword Clash Sword Clash.10,FOL,Foley,0.85,14339,.ogg,Kenney_RPG_Audio,Kenney_CC0_RPG_Foley_Pack,Kenney (kenney.nl),CC0 1.0 Universal,sword_clash_sword_clash.10,,,clash fol foley sword
sword_clash_sword_clash.2.ogg,Sword Clash Sword Clash.2,FOL,Foley,0.80,13951,.ogg,Kenney_RPG_Audio,Kenney_CC0_RPG_Foley_Pack,Kenney (kenney.nl),CC0 1.0 Universal,sword_clash_sword_clash.2,,,clash fol foley sword
sword_clash_sword_clash.3.ogg,Sword Clash Sword Clash.3,FOL,Foley,0.93,15421,.ogg,Kenney_RPG_Audio,Kenney_CC0_RPG_Foley_Pack,Kenney (kenney.nl),CC0 1.0 Universal,sword_clash_sword_clash.3,,,clash fol foley sword
sword_clash_sword_clash.4.ogg,Sword Clash Sword Clash.4,FOL,Foley,0.92,15545,.ogg,Kenney_RPG_Audio,Kenney_CC0_RPG_Foley_Pack,Kenney (kenney.nl),CC0 1.0 Universal,sword_clash_sword_clash.4,,,clash fol foley sword
sword_clash_sword_clash.5.ogg,Sword Clash Sword Clash.5,FOL,Foley,0.66,12225,.ogg,Kenney_RPG_Audio,Kenney_CC0_RPG_Foley_Pack,Kenney (kenney.nl),CC0 1.0 Universal,sword_clash_sword_clash.5,,,clash fol foley sword
sword_clash_sword_clash.6.ogg,Sword Clash Sword Clash.6,FOL,Foley,1.32,20300,.ogg,Kenney_RPG_Audio,Kenney_CC0_RPG_Foley_Pack,Kenney (kenney.nl),CC0 1.0 Universal,sword_clash_sword_clash.6,,,clash fol foley sword
sword_clash_sword_clash.7.ogg,Sword Clash Sword Clash.7,FOL,Foley,1.17,18481,.ogg,Kenney_RPG_Audio,Kenney_CC0_RPG_Foley_Pack,Kenney (kenney.nl),CC0 1.0 Universal,sword_clash_sword_clash.7,,,clash fol foley sword
sword_clash_sword_clash.8.ogg,Sword Clash Sword Clash.8,FOL,Foley,1.02,16417,.ogg,Kenney_RPG_Audio,Kenney_CC0_RPG_Foley_Pack,Kenney (kenney.nl),CC0 1.0 Universal,sword_clash_sword_clash.8,,,clash fol foley sword
sword_clash_sword_clash.9.ogg,Sword Clash Sword Clash.9,FOL,Foley,1.09,17005,.ogg,Kenney_RPG_Audio,Kenney_CC0_RPG_Foley_Pack,Kenney (kenney.nl),CC0 1.0 Universal,sword_clash_sword_clash.9,,,clash fol foley sword
sword_sword.1.ogg,Sword Sword.1,FOL,Foley,0.97,17794,.ogg,Kenney_RPG_Audio,Kenney_CC0_RPG_Foley_Pack,Kenney (kenney.nl),CC0 1.0 Universal,sword_sword.1,,,fol foley sword
sword_sword.10.ogg,Sword Sword.10,FOL,Foley,1.14,18606,.ogg,Kenney_RPG_Audio,Kenney_CC0_RPG_Foley_Pack,Kenney (kenney.nl),CC0 1.0 Universal,sword_sword.10,,,fol foley sword
sword_sword.2.ogg,Sword Sword.2,FOL,Foley,1.08,19102,.ogg,Kenney_RPG_Audio,Kenney_CC0_RPG_Foley_Pack,Kenney (kenney.nl),CC0 1.0 Universal,sword_sword.2,,,fol foley sword
sword_sword.3.ogg,Sword Sword.3,FOL,Foley,0.62,13071,.ogg,Kenney_RPG_Audio,Kenney_CC0_RPG_Foley_Pack,Kenney (kenney.nl),CC0 1.0 Universal,sword_sword.3,,,fol foley sword
sword_sword.4.ogg,Sword Sword.4,FOL,Foley,0.58,12874,.ogg,Kenney_RPG_Audio,Kenney_CC0_RPG_Foley_Pack,Kenney (kenney.nl),CC0 1.0 Universal,sword_sword.4,,,fol foley sword
sword_sword.5.ogg,Sword Sword.5,FOL,Foley,1.06,17934,.ogg,Kenney_RPG_Audio,Kenney_CC0_RPG_Foley_Pack,Kenney (kenney.nl),CC0 1.0 Universal,sword_sword.5,,,fol foley sword
sword_sword.6.ogg,Sword Sword.6,FOL,Foley,0.54,11653,.ogg,Kenney_RPG_Audio,Kenney_CC0_RPG_Foley_Pack,Kenney (kenney.nl),CC0 1.0 Universal,sword_sword.6,,,fol foley sword
sword_sword.7.ogg,Sword Sword.7,FOL,Foley,0.77,13635,.ogg,Kenney_RPG_Audio,Kenney_CC0_RPG_Foley_Pack,Kenney (kenney.nl),CC0 1.0 Universal,sword_sword.7,,,fol foley sword
sword_sword.8.ogg,Sword Sword.8,FOL,Foley,0.96,15612,.ogg,Kenney_RPG_Audio,Kenney_CC0_RPG_Foley_Pack,Kenney (kenney.nl),CC0 1.0 Universal,sword_sword.8,,,fol foley sword
sword_sword.9.ogg,Sword Sword.9,FOL,Foley,1.38,23180,.ogg,Kenney_RPG_Audio,Kenney_CC0_RPG_Foley_Pack,Kenney (kenney.nl),CC0 1.0 Universal,sword_sword.9,,,fol foley sword
tiny_preview.ogg,Tiny Preview,FOL,Foley,169.42,1353518,.ogg,Kenney_RPG_Audio,Kenney_CC0_RPG_Foley_Pack,Kenney (kenney.nl),CC0 1.0 Universal,tiny_preview,,,fol foley preview tiny
amb_blizzard_mountain_gale.wav,Amb Blizzard Mountain Gale,AMB,Ambience,15.00,1440078,.wav,Curated_Ambience,Curated_Open_Ambient_Beds,Open Community Sound Archives,Public Domain / CC0,amb_blizzard_mountain_gale,,,amb ambience blizzard gale mountain
amb_bog_swamp_night.wav,Amb Bog Swamp Night,AMB,Ambience,15.00,1440078,.wav,Curated_Ambience,Curated_Open_Ambient_Beds,Open Community Sound Archives,Public Domain / CC0,amb_bog_swamp_night,,,amb ambience bog night swamp
amb_castle_hall_hearth.wav,Amb Castle Hall Hearth,AMB,Ambience,14.00,1344078,.wav,Curated_Ambience,Curated_Open_Ambient_Beds,Open Community Sound Archives,Public Domain / CC0,amb_castle_hall_hearth,,,amb ambience castle hall hearth
amb_crypt_tomb_drips.wav,Amb Crypt Tomb Drips,AMB,Ambience,16.00,1536078,.wav,Curated_Ambience,Curated_Open_Ambient_Beds,Open Community Sound Archives,Public Domain / CC0,amb_crypt_tomb_drips,,,amb ambience crypt drips tomb
dry_grass_fireplace_raw.ogg,Dry Grass Fireplace Raw,AMB,Ambience,25.50,511116,.ogg,Curated_Ambience,Curated_Open_Ambient_Beds,Open Community Sound Archives,Public Domain / CC0,dry_grass_fireplace_raw,,,amb ambience dry fireplace grass raw
dungeon_cave_bed.ogg,Dungeon Cave Bed,AMB,Ambience,94.31,1626352,.ogg,Curated_Ambience,Curated_Open_Ambient_Beds,Open Community Sound Archives,Public Domain / CC0,dungeon_cave_bed,,,amb ambience bed cave dungeon
rain_thunder.ogg,Rain Thunder,AMB,Ambience,18.90,226945,.ogg,Curated_Ambience,Curated_Open_Ambient_Beds,Open Community Sound Archives,Public Domain / CC0,rain_thunder,,,amb ambience rain thunder
tavern_crowd_murmur.ogg,Tavern Crowd Murmur,AMB,Ambience,76.25,1970215,.ogg,Curated_Ambience,Curated_Open_Ambient_Beds,Open Community Sound Archives,Public Domain / CC0,tavern_crowd_murmur,,,amb ambience crowd murmur tavern
wind_howl.ogg,Wind Howl,AMB,Ambience,128.31,1112243,.ogg,Curated_Ambience,Curated_Open_Ambient_Beds,Open Community Sound Archives,Public Domain / CC0,wind_howl,,,amb ambience howl wind
00008110.mp3,00008110,SFX,General,29.01,465069,.mp3,BBC_Sound_Effects,BBC_Sound_Effects_Cached_Pilot,British Broadcasting Corporation (BBC),BBC RemArc (Personal / Educational / Research),00008110,,,general sfx
07020081.mp3,07020081,SFX,General,123.42,1976265,.mp3,BBC_Sound_Effects,BBC_Sound_Effects_Cached_Pilot,British Broadcasting Corporation (BBC),BBC RemArc (Personal / Educational / Research),07020081,,,002m05s ec86 ec86c general growling interior oct pekinese sfx snapping transfer
07022422.mp3,07022422,SFX,General,27.20,436961,.mp3,BBC_Sound_Effects,BBC_Sound_Effects_Cached_Pilot,British Broadcasting Corporation (BBC),BBC RemArc (Personal / Educational / Research),07022422,,,000m29s american and button dialing ec7t ec7t2 general muted push ringing sfx signal telephone tone tones transfer with
07025141.mp3,07025141,SFX,General,215.94,3456704,.mp3,BBC_Sound_Effects,BBC_Sound_Effects_Cached_Pilot,British Broadcasting Corporation (BBC),BBC RemArc (Personal / Educational / Research),07025141,,,003m37s and concourse ec4p ec4p1 general noises operating petrol pumps sfx sheltered stations traffic transfer
07033074.mp3,07033074,SFX,General,43.35,695239,.mp3,BBC_Sound_Effects,BBC_Sound_Effects_Cached_Pilot,British Broadcasting Corporation (BBC),BBC RemArc (Personal / Educational / Research),07033074,,,000m45s distant dripping ec166 ec166a general passage perspective recording sfx transfer water
07043153.mp3,07043153,SFX,General,27.86,447352,.mp3,BBC_Sound_Effects,BBC_Sound_Effects_Cached_Pilot,British Broadcasting Corporation (BBC),BBC RemArc (Personal / Educational / Research),07043153,,,000m27s candle ecd18 fireworks general roman sfx transfer
07043376.mp3,07043376,SFX,General,290.93,4656639,.mp3,BBC_Sound_Effects,BBC_Sound_Effects_Cached_Pilot,British Broadcasting Corporation (BBC),BBC RemArc (Personal / Educational / Research),07043376,,,004m50s acoustic driving ecd21 general interior rain sfx transfer window
07044095.mp3,07044095,SFX,General,53.24,853660,.mp3,BBC_Sound_Effects,BBC_Sound_Effects_Cached_Pilot,British Broadcasting Corporation (BBC),BBC RemArc (Personal / Educational / Research),07044095,,,000m54s adult and croaking ecd1 frog general great grey iberian male marsh sfx shrikes transfer with woodlark
07065039.mp3,07065039,SFX,General,295.21,4725211,.mp3,BBC_Sound_Effects,BBC_Sound_Effects_Cached_Pilot,British Broadcasting Corporation (BBC),BBC RemArc (Personal / Educational / Research),07065039,,,004m54s 2b1 bell bells cathedral ecd90 general minutes paul reprocessed sfx transfer
07070017.mp3,07070017,SFX,General,92.57,1482669,.mp3,BBC_Sound_Effects,BBC_Sound_Effects_Cached_Pilot,British Broadcasting Corporation (BBC),BBC RemArc (Personal / Educational / Research),07070017,,,001m29s contact direct ecd28 foetal general heartbeat recording sfx transfer weeks
07074151.mp3,07074151,SFX,General,23.51,377570,.mp3,BBC_Sound_Effects,BBC_Sound_Effects_Cached_Pilot,British Broadcasting Corporation (BBC),BBC RemArc (Personal / Educational / Research),07074151,,,000m19s crowd ecd95 general panics reprocessed sfx transfer
campfire_sound_ambience.ogg,Campfire Sound Ambience,SFX,General,60.21,554608,.ogg,BBC_Sound_Effects,BBC_Sound_Effects_Cached_Pilot,British Broadcasting Corporation (BBC),BBC RemArc (Personal / Educational / Research),campfire_sound_ambience,,,campfire general sfx
fireplace_burning_loop.ogg,Fireplace Burning Loop,SFX,General,25.50,511116,.ogg,BBC_Sound_Effects,BBC_Sound_Effects_Cached_Pilot,British Broadcasting Corporation (BBC),BBC RemArc (Personal / Educational / Research),fireplace_burning_loop,,,burning fireplace general loop sfx
heavy_rain_loop.ogg,Heavy Rain Loop,SFX,General,44.96,585522,.ogg,BBC_Sound_Effects,BBC_Sound_Effects_Cached_Pilot,British Broadcasting Corporation (BBC),BBC RemArc (Personal / Educational / Research),heavy_rain_loop,,,general heavy loop rain sfx
07037622.mp3,07037622,SFX,General,6.32,102947,.mp3,BBC_Sound_Effects,BBC_Sound_Effects_Cached_Pilot,British Broadcasting Corporation (BBC),BBC RemArc (Personal / Educational / Research),07037622,,,000m08s door ec1007 ec1007l general sfx slams transfer
07039251.mp3,07039251,SFX,General,53.00,849448,.mp3,BBC_Sound_Effects,BBC_Sound_Effects_Cached_Pilot,British Broadcasting Corporation (BBC),BBC RemArc (Personal / Educational / Research),07039251,,,000m54s boots ec1009 ec1009b general gravel heavy man sfx transfer walking with
07044044.mp3,07044044,SFX,General,255.00,4081591,.mp3,BBC_Sound_Effects,BBC_Sound_Effects_Cached_Pilot,British Broadcasting Corporation (BBC),BBC RemArc (Personal / Educational / Research),07044044,,,004m15s atmosphere being cleared crockery cutlery dishes ecd4 footsteps general january restaurant self service sfx transfer voices with
horse_chase_fast.wav,Horse Chase Fast,SFX,General,24.00,6351130,.wav,BBC_Sound_Effects,BBC_Sound_Effects_Cached_Pilot,British Broadcasting Corporation (BBC),BBC RemArc (Personal / Educational / Research),horse_chase_fast,,,chase fast general horse sfx
six_horses_galloping.ogg,Six Horses Galloping,SFX,General,25.15,223876,.ogg,BBC_Sound_Effects,BBC_Sound_Effects_Cached_Pilot,British Broadcasting Corporation (BBC),BBC RemArc (Personal / Educational / Research),six_horses_galloping,,,galloping general horses sfx six
07074188.wav,"Group in foreground running to stop - 1968 (7G, reprocessed)",FOL,Footsteps,21.00,0,.wav,BBC_Sound_Effects,BBC_SFX_ECD095,British Broadcasting Corporation (BBC),BBC RemArc (Personal / Educational / Research),07074188,,2292,comedy fol footsteps foreground group reprocessed running stop track
07074187.wav,"Two people run to distance and double splash - 1968 (7G, reprocessed)",FOL,Footsteps,14.00,0,.wav,BBC_Sound_Effects,BBC_SFX_ECD095,British Broadcasting Corporation (BBC),BBC RemArc (Personal / Educational / Research),07074187,,2293,and comedy distance double fol footsteps people reprocessed run splash track two
07074186.wav,"Run to distance and splash - 1968 (7G, reprocessed)",FOL,Footsteps,10.00,0,.wav,BBC_Sound_Effects,BBC_SFX_ECD095,British Broadcasting Corporation (BBC),BBC RemArc (Personal / Educational / Research),07074186,,2294,and comedy distance fol footsteps reprocessed run splash track
07074185.wav,"Run to distance and return - 1968 (7G, reprocessed)",FOL,Footsteps,21.00,0,.wav,BBC_Sound_Effects,BBC_SFX_ECD095,British Broadcasting Corporation (BBC),BBC RemArc (Personal / Educational / Research),07074185,,2295,and comedy distance fol footsteps reprocessed return run track
07074184.wav,"One pair of feet approach and stop - 1968 (7G, reprocessed)",FOL,Footsteps,6.00,0,.wav,BBC_Sound_Effects,BBC_SFX_ECD095,British Broadcasting Corporation (BBC),BBC RemArc (Personal / Educational / Research),07074184,,2296,and approach comedy feet fol footsteps one pair reprocessed stop track
07074183.wav,"One pair of feet approach and explosion - 1968 (7G, reprocessed)",FOL,Footsteps,11.00,0,.wav,BBC_Sound_Effects,BBC_SFX_ECD095,British Broadcasting Corporation (BBC),BBC RemArc (Personal / Educational / Research),07074183,,2297,and approach comedy explosion feet fol footsteps one pair reprocessed track
07074182.wav,"Squeaky feet, door open and close with squeak - 1968 (7G, reprocessed)",FOL,Footsteps,18.00,0,.wav,BBC_Sound_Effects,BBC_SFX_ECD095,British Broadcasting Corporation (BBC),BBC RemArc (Personal / Educational / Research),07074182,,2298,and close comedy door feet fol footsteps open reprocessed squeak squeaky track with
07074181.wav,"Strolling through ovens, oven door open and close - 1968 (7G, reprocessed)",FOL,Footsteps,33.00,0,.wav,BBC_Sound_Effects,BBC_SFX_ECD095,British Broadcasting Corporation (BBC),BBC RemArc (Personal / Educational / Research),07074181,,2299,and close comedy door fol footsteps open oven ovens reprocessed strolling through track
07074180.wav,"One pair of feet overhead and removing boots - 1968 (7G, reprocessed)",FOL,Footsteps,39.00,0,.wav,BBC_Sound_Effects,BBC_SFX_ECD095,British Broadcasting Corporation (BBC),BBC RemArc (Personal / Educational / Research),07074180,,2300,and boots comedy feet fol footsteps one overhead pair removing reprocessed track
07074179.wav,"One pair of feet approach to door, door open and close, feet depart - 1968 (7G, reprocessed)",FOL,Footsteps,6.00,0,.wav,BBC_Sound_Effects,BBC_SFX_ECD095,British Broadcasting Corporation (BBC),BBC RemArc (Personal / Educational / Research),07074179,,2301,and approach close comedy depart door feet fol footsteps one open pair reprocessed track
07074178.wav,"Feet overhead on wood - 1968 (7G, reprocessed)",FOL,Footsteps,27.00,0,.wav,BBC_Sound_Effects,BBC_SFX_ECD095,British Broadcasting Corporation (BBC),BBC RemArc (Personal / Educational / Research),07074178,,2302,comedy feet fol footsteps overhead reprocessed track wood
07073026.wav,"Tag match - PA announcement with crowd reaction, bell, bout begins",FOL,Doors,314.00,0,.wav,BBC_Sound_Effects,BBC_SFX_ECD153,British Broadcasting Corporation (BBC),BBC RemArc (Personal / Educational / Research),07073026,,2479,announcement begins bell bout boxing crowd doors fol match reaction tag track with wrestling
07073025.wav,Laughter & applause after throw,FOL,Doors,31.00,0,.wav,BBC_Sound_Effects,BBC_SFX_ECD153,British Broadcasting Corporation (BBC),BBC RemArc (Personal / Educational / Research),07073025,,2480,after applause boxing doors fol laughter throw track wrestling
07073024.wav,Animated crowd reaction,FOL,Doors,284.00,0,.wav,BBC_Sound_Effects,BBC_SFX_ECD153,British Broadcasting Corporation (BBC),BBC RemArc (Personal / Educational / Research),07073024,,2481,animated boxing crowd doors fol reaction track wrestling
07073023.wav,Good throw & applause - bell into PA & chatter,FOL,Doors,51.00,0,.wav,BBC_Sound_Effects,BBC_SFX_ECD153,British Broadcasting Corporation (BBC),BBC RemArc (Personal / Educational / Research),07073023,,2482,applause bell boxing chatter doors fol good into throw track wrestling
07073022.wav,"Bell - end of round, into quiet chatter",FOL,Doors,10.00,0,.wav,BBC_Sound_Effects,BBC_SFX_ECD153,British Broadcasting Corporation (BBC),BBC RemArc (Personal / Educational / Research),07073022,,2483,bell boxing chatter doors end fol into quiet round track wrestling
07073021.wav,Applause for throw,FOL,Doors,7.00,0,.wav,BBC_Sound_Effects,BBC_SFX_ECD153,British Broadcasting Corporation (BBC),BBC RemArc (Personal / Educational / Research),07073021,,2484,applause boxing doors fol for throw track wrestling
07073020.wav,Shouts of encouragement,FOL,Doors,22.00,0,.wav,BBC_Sound_Effects,BBC_SFX_ECD153,British Broadcasting Corporation (BBC),BBC RemArc (Personal / Educational / Research),07073020,,2485,boxing doors encouragement fol shouts track wrestling
07073019.wav,"Announcement - bell, bout begins",FOL,Doors,152.00,0,.wav,BBC_Sound_Effects,BBC_SFX_ECD153,British Broadcasting Corporation (BBC),BBC RemArc (Personal / Educational / Research),07073019,,2486,announcement begins bell bout boxing doors fol track wrestling
07073018.wav,PA announcement. & crowd reaction,FOL,Doors,33.00,0,.wav,BBC_Sound_Effects,BBC_SFX_ECD153,British Broadcasting Corporation (BBC),BBC RemArc (Personal / Educational / Research),07073018,,2487,announcement boxing crowd doors fol reaction track wrestling
07073017.wav,General atmosphere - spectators arriving,FOL,Doors,374.00,0,.wav,BBC_Sound_Effects,BBC_SFX_ECD153,British Broadcasting Corporation (BBC),BBC RemArc (Personal / Educational / Research),07073017,,2488,arriving atmosphere boxing doors fol general spectators track wrestling
07072154.wav,"Crowd atmosphere with steam roundabouts and indistinct music from steam organ - Aug '1966 (38A,reprocessed)",AMB,Environment,242.00,0,.wav,BBC_Sound_Effects,BBC_SFX_ECD082,British Broadcasting Corporation (BBC),BBC RemArc (Personal / Educational / Research),07072154,,2530,38a amb and atmosphere aug circus crowd environment fairgrounds from indistinct organ reprocessed roundabouts steam the track with
07072152.wav,"Crowd atmosphere with indistinct band in background - Jan '1980 (5F3,reprocessed)",AMB,Environment,300.00,0,.wav,BBC_Sound_Effects,BBC_SFX_ECD082,British Broadcasting Corporation (BBC),BBC RemArc (Personal / Educational / Research),07072152,,2532,5f3 amb and atmosphere background band circus crowd environment fairgrounds indistinct jan reprocessed the track with
07072151.wav,"General fairground atmosphere - Nov. '1980 (recorded Battersea Funfair) (5F1,reprocessed)",AMB,Environment,185.00,0,.wav,BBC_Sound_Effects,BBC_SFX_ECD082,British Broadcasting Corporation (BBC),BBC RemArc (Personal / Educational / Research),07072151,,2533,5f1 amb and atmosphere battersea circus environment fairground fairgrounds funfair general nov recorded reprocessed the track
07072052.wav,4 men walking in single file along small passage.,AMB,Environment,221.00,0,.wav,BBC_Sound_Effects,BBC_SFX_ECD132,British Broadcasting Corporation (BBC),BBC RemArc (Personal / Educational / Research),07072052,,2632,along amb caving environment file men passage potholing single small track walking
07072051.wav,"4 men walking slowly in dry passage, wearing nailed boots.",AMB,Environment,120.00,0,.wav,BBC_Sound_Effects,BBC_SFX_ECD132,British Broadcasting Corporation (BBC),BBC RemArc (Personal / Educational / Research),07072051,,2633,amb boots caving dry environment men nailed passage potholing slowly track walking wearing
07072050.wav,4 men walking in dry passage (constant),AMB,Environment,118.00,0,.wav,BBC_Sound_Effects,BBC_SFX_ECD132,British Broadcasting Corporation (BBC),BBC RemArc (Personal / Educational / Research),07072050,,2634,amb caving constant dry environment men passage potholing track walking
07072049.wav,"Man in 30ft drainpipe crawling away, in steel toe caps. Faster",AMB,Environment,71.00,0,.wav,BBC_Sound_Effects,BBC_SFX_ECD132,British Broadcasting Corporation (BBC),BBC RemArc (Personal / Educational / Research),07072049,,2635,30ft amb away caps caving crawling drainpipe environment faster man potholing steel toe track
07072048.wav,Man in 30ft drainpipe crawling away from microphone.,AMB,Environment,128.00,0,.wav,BBC_Sound_Effects,BBC_SFX_ECD132,British Broadcasting Corporation (BBC),BBC RemArc (Personal / Educational / Research),07072048,,2636,30ft amb away caving crawling drainpipe environment from man microphone potholing track
07072047.wav,2 men on 30ft drainpipe moving fast (some mic bumps in keeping with sound).,AMB,Environment,111.00,0,.wav,BBC_Sound_Effects,BBC_SFX_ECD132,British Broadcasting Corporation (BBC),BBC RemArc (Personal / Educational / Research),07072047,,2637,30ft amb bumps caving drainpipe environment fast keeping men mic moving potholing some track with
07072046.wav,Man in 50ft drainpipe approaching microphone.,AMB,Environment,130.00,0,.wav,BBC_Sound_Effects,BBC_SFX_ECD132,British Broadcasting Corporation (BBC),BBC RemArc (Personal / Educational / Research),07072046,,2638,50ft amb approaching caving drainpipe environment man microphone potholing track
07072045.wav,Boulders falling into 70ft cavern (5 takes).,AMB,Environment,43.00,0,.wav,BBC_Sound_Effects,BBC_SFX_ECD132,British Broadcasting Corporation (BBC),BBC RemArc (Personal / Educational / Research),07072045,,2639,70ft amb boulders cavern caving environment falling into potholing takes track
07072044.wav,Small boulders falling and rolling (6 takes).,AMB,Environment,55.00,0,.wav,BBC_Sound_Effects,BBC_SFX_ECD132,British Broadcasting Corporation (BBC),BBC RemArc (Personal / Educational / Research),07072044,,2640,amb and boulders caving environment falling potholing rolling small takes track
07072043.wav,Stones falling down 60ft pot hole (6 takes).,AMB,Environment,43.00,0,.wav,BBC_Sound_Effects,BBC_SFX_ECD132,British Broadcasting Corporation (BBC),BBC RemArc (Personal / Educational / Research),07072043,,2641,60ft amb caving down environment falling hole pot potholing stones takes track
07072042.wav,Man descending ladder.,AMB,Environment,110.00,0,.wav,BBC_Sound_Effects,BBC_SFX_ECD132,British Broadcasting Corporation (BBC),BBC RemArc (Personal / Educational / Research),07072042,,2642,amb caving descending environment ladder man potholing track
07072041.wav,Man climbing ladder faster.,AMB,Environment,94.00,0,.wav,BBC_Sound_Effects,BBC_SFX_ECD132,British Broadcasting Corporation (BBC),BBC RemArc (Personal / Educational / Research),07072041,,2643,amb caving climbing environment faster ladder man potholing track
07072040.wav,Man climbing ladder (rubber boots).,AMB,Environment,99.00,0,.wav,BBC_Sound_Effects,BBC_SFX_ECD132,British Broadcasting Corporation (BBC),BBC RemArc (Personal / Educational / Research),07072040,,2644,amb boots caving climbing environment ladder man potholing rubber track
07072039.wav,"Signal sequence, whistles: one blast means stop, two means pull up, three means let down.",AMB,Environment,12.00,0,.wav,BBC_Sound_Effects,BBC_SFX_ECD132,British Broadcasting Corporation (BBC),BBC RemArc (Personal / Educational / Research),07072039,,2645,amb blast caving down environment let means one potholing pull sequence signal stop three track two whistles
07072038.wav,Single stone falling.,AMB,Environment,3.00,0,.wav,BBC_Sound_Effects,BBC_SFX_ECD132,British Broadcasting Corporation (BBC),BBC RemArc (Personal / Educational / Research),07072038,,2646,amb caving environment falling potholing single stone track
07072037.wav,Single rock falling.,AMB,Environment,3.00,0,.wav,BBC_Sound_Effects,BBC_SFX_ECD132,British Broadcasting Corporation (BBC),BBC RemArc (Personal / Educational / Research),07072037,,2647,amb caving environment falling potholing rock single track
07072036.wav,Single stone falling.,AMB,Environment,3.00,0,.wav,BBC_Sound_Effects,BBC_SFX_ECD132,British Broadcasting Corporation (BBC),BBC RemArc (Personal / Educational / Research),07072036,,2648,amb caving environment falling potholing single stone track
07072035.wav,1 man climbing and slipping.,AMB,Environment,15.00,0,.wav,BBC_Sound_Effects,BBC_SFX_ECD132,British Broadcasting Corporation (BBC),BBC RemArc (Personal / Educational / Research),07072035,,2649,amb and caving climbing environment man potholing slipping track
07072034.wav,1 man climbing rock face.,AMB,Environment,36.00,0,.wav,BBC_Sound_Effects,BBC_SFX_ECD132,British Broadcasting Corporation (BBC),BBC RemArc (Personal / Educational / Research),07072034,,2650,amb caving climbing environment face man potholing rock track
07072033.wav,1 man climbing with start and stop.,AMB,Environment,13.00,0,.wav,BBC_Sound_Effects,BBC_SFX_ECD132,British Broadcasting Corporation (BBC),BBC RemArc (Personal / Educational / Research),07072033,,2651,amb and caving climbing environment man potholing start stop track with
07072032.wav,Woman climbing with start and stop.,AMB,Environment,28.00,0,.wav,BBC_Sound_Effects,BBC_SFX_ECD132,British Broadcasting Corporation (BBC),BBC RemArc (Personal / Educational / Research),07072032,,2652,amb and caving climbing environment potholing start stop track with woman
07072031.wav,1 man walking (tired with start and stop).,AMB,Environment,40.00,0,.wav,BBC_Sound_Effects,BBC_SFX_ECD132,British Broadcasting Corporation (BBC),BBC RemArc (Personal / Educational / Research),07072031,,2653,amb and caving environment man potholing start stop tired track walking with
07072030.wav,2 men walking (tired with start and stop).,AMB,Environment,39.00,0,.wav,BBC_Sound_Effects,BBC_SFX_ECD132,British Broadcasting Corporation (BBC),BBC RemArc (Personal / Educational / Research),07072030,,2654,amb and caving environment men potholing start stop tired track walking with
07072029.wav,2 men constant walking up sharp incline of loose stone.,AMB,Environment,37.00,0,.wav,BBC_Sound_Effects,BBC_SFX_ECD132,British Broadcasting Corporation (BBC),BBC RemArc (Personal / Educational / Research),07072029,,2655,amb caving constant environment incline loose men potholing sharp stone track walking
07072028.wav,1 man constant walking up sharp incline of loose stone.,AMB,Environment,57.00,0,.wav,BBC_Sound_Effects,BBC_SFX_ECD132,British Broadcasting Corporation (BBC),BBC RemArc (Personal / Educational / Research),07072028,,2656,amb caving constant environment incline loose man potholing sharp stone track walking
07072027.wav,2 men crawling along small passage.,AMB,Environment,110.00,0,.wav,BBC_Sound_Effects,BBC_SFX_ECD132,British Broadcasting Corporation (BBC),BBC RemArc (Personal / Educational / Research),07072027,,2657,along amb caving crawling environment men passage potholing small track
07072026.wav,1 man crawling along small passage (approach and pass).,AMB,Environment,41.00,0,.wav,BBC_Sound_Effects,BBC_SFX_ECD132,British Broadcasting Corporation (BBC),BBC RemArc (Personal / Educational / Research),07072026,,2658,along amb and approach caving crawling environment man pass passage potholing small track
07072025.wav,Group walking through large chamber.,AMB,Environment,67.00,0,.wav,BBC_Sound_Effects,BBC_SFX_ECD132,British Broadcasting Corporation (BBC),BBC RemArc (Personal / Educational / Research),07072025,,2659,amb caving chamber environment group large potholing through track walking
07072024.wav,Group walking through small chamber (with stop and start).,AMB,Environment,99.00,0,.wav,BBC_Sound_Effects,BBC_SFX_ECD132,British Broadcasting Corporation (BBC),BBC RemArc (Personal / Educational / Research),07072024,,2660,amb and caving chamber environment group potholing small start stop through track walking with
07072023.wav,"Water running in cavern, close perspective.",AMB,Environment,33.00,0,.wav,BBC_Sound_Effects,BBC_SFX_ECD132,British Broadcasting Corporation (BBC),BBC RemArc (Personal / Educational / Research),07072023,,2661,amb cavern caving close environment perspective potholing running track water
07072022.wav,"Water dripping in cavern, distant perspective.",AMB,Environment,40.00,0,.wav,BBC_Sound_Effects,BBC_SFX_ECD132,British Broadcasting Corporation (BBC),BBC RemArc (Personal / Educational / Research),07072022,,2662,amb cavern caving distant dripping environment perspective potholing track water
07072021.wav,"Water running in cavern, close perspective.",AMB,Environment,54.00,0,.wav,BBC_Sound_Effects,BBC_SFX_ECD132,British Broadcasting Corporation (BBC),BBC RemArc (Personal / Educational / Research),07072021,,2663,amb cavern caving close environment perspective potholing running track water
07072020.wav,"Water running in cavern, medium perspective.",AMB,Environment,59.00,0,.wav,BBC_Sound_Effects,BBC_SFX_ECD132,British Broadcasting Corporation (BBC),BBC RemArc (Personal / Educational / Research),07072020,,2664,amb cavern caving environment medium perspective potholing running track water
07072019.wav,Man climbing ladder with rubber boots and steel toe caps.,AMB,Environment,70.00,0,.wav,BBC_Sound_Effects,BBC_SFX_ECD132,British Broadcasting Corporation (BBC),BBC RemArc (Personal / Educational / Research),07072019,,2665,amb and boots caps caving climbing environment ladder man potholing rubber steel toe track with
07072018.wav,"Hauling ladder up, medium perspective.",AMB,Environment,73.00,0,.wav,BBC_Sound_Effects,BBC_SFX_ECD132,British Broadcasting Corporation (BBC),BBC RemArc (Personal / Educational / Research),07072018,,2666,amb caving environment hauling ladder medium perspective potholing track
07072017.wav,"Hauling ladder up, close perspective.",AMB,Environment,86.00,0,.wav,BBC_Sound_Effects,BBC_SFX_ECD132,British Broadcasting Corporation (BBC),BBC RemArc (Personal / Educational / Research),07072017,,2667,amb caving close environment hauling ladder perspective potholing track
07072016.wav,"Ladder thrown down pitch, medium perspective.",AMB,Environment,5.00,0,.wav,BBC_Sound_Effects,BBC_SFX_ECD132,British Broadcasting Corporation (BBC),BBC RemArc (Personal / Educational / Research),07072016,,2668,amb caving down environment ladder medium perspective pitch potholing thrown track
07072015.wav,"Ladder thrown down pitch, close perspective.",AMB,Environment,6.00,0,.wav,BBC_Sound_Effects,BBC_SFX_ECD132,British Broadcasting Corporation (BBC),BBC RemArc (Personal / Educational / Research),07072015,,2669,amb caving close down environment ladder perspective pitch potholing thrown track
07072014.wav,Unrolling wire ladder at top of 60ft pitch.,AMB,Environment,66.00,0,.wav,BBC_Sound_Effects,BBC_SFX_ECD132,British Broadcasting Corporation (BBC),BBC RemArc (Personal / Educational / Research),07072014,,2670,60ft amb caving environment ladder pitch potholing top track unrolling wire
07072013.wav,"Stream trickling through small cavern, close perspective.",AMB,Environment,107.00,0,.wav,BBC_Sound_Effects,BBC_SFX_ECD132,British Broadcasting Corporation (BBC),BBC RemArc (Personal / Educational / Research),07072013,,2671,amb cavern caving close environment perspective potholing small stream through track trickling
07072012.wav,Water running into underground lake.,AMB,Environment,118.00,0,.wav,BBC_Sound_Effects,BBC_SFX_ECD132,British Broadcasting Corporation (BBC),BBC RemArc (Personal / Educational / Research),07072012,,2672,amb caving environment into lake potholing running track underground water
07072011.wav,"20ft waterfall, microphone at bottom.",AMB,Environment,111.00,0,.wav,BBC_Sound_Effects,BBC_SFX_ECD132,British Broadcasting Corporation (BBC),BBC RemArc (Personal / Educational / Research),07072011,,2673,20ft amb bottom caving environment microphone potholing track waterfall
07072010.wav,"20ft waterfall, microphone at top.",AMB,Environment,115.00,0,.wav,BBC_Sound_Effects,BBC_SFX_ECD132,British Broadcasting Corporation (BBC),BBC RemArc (Personal / Educational / Research),07072010,,2674,20ft amb caving environment microphone potholing top track waterfall
07072009.wav,"40ft waterfall, microphone at top.",AMB,Environment,90.00,0,.wav,BBC_Sound_Effects,BBC_SFX_ECD132,British Broadcasting Corporation (BBC),BBC RemArc (Personal / Educational / Research),07072009,,2675,40ft amb caving environment microphone potholing top track waterfall
07072008.wav,40ft waterfall (use at low level).,AMB,Environment,119.00,0,.wav,BBC_Sound_Effects,BBC_SFX_ECD132,British Broadcasting Corporation (BBC),BBC RemArc (Personal / Educational / Research),07072008,,2676,40ft amb caving environment level low potholing track use waterfall
07072007.wav,"Stream, microphone in cave (use at low level).",AMB,Environment,118.00,0,.wav,BBC_Sound_Effects,BBC_SFX_ECD132,British Broadcasting Corporation (BBC),BBC RemArc (Personal / Educational / Research),07072007,,2677,amb cave caving environment level low microphone potholing stream track use
07072006.wav,Stream entering cave (slight wind noise on microphone).,AMB,Environment,115.00,0,.wav,BBC_Sound_Effects,BBC_SFX_ECD132,British Broadcasting Corporation (BBC),BBC RemArc (Personal / Educational / Research),07072006,,2678,amb cave caving entering environment microphone noise potholing slight stream track wind
07072005.wav,Small stream running through field.,AMB,Environment,180.00,0,.wav,BBC_Sound_Effects,BBC_SFX_ECD132,British Broadcasting Corporation (BBC),BBC RemArc (Personal / Educational / Research),07072005,,2679,amb caving environment field potholing running small stream through track
07072004.wav,Water gurgling down drain.,AMB,Environment,36.00,0,.wav,BBC_Sound_Effects,BBC_SFX_ECD132,British Broadcasting Corporation (BBC),BBC RemArc (Personal / Educational / Research),07072004,,2680,amb caving down drain environment gurgling potholing track water
07072003.wav,Water running and stopping in cavern.,AMB,Environment,168.00,0,.wav,BBC_Sound_Effects,BBC_SFX_ECD132,British Broadcasting Corporation (BBC),BBC RemArc (Personal / Educational / Research),07072003,,2681,amb and cavern caving environment potholing running stopping track water
07072002.wav,Water running into large drain.,AMB,Environment,150.00,0,.wav,BBC_Sound_Effects,BBC_SFX_ECD132,British Broadcasting Corporation (BBC),BBC RemArc (Personal / Educational / Research),07072002,,2682,amb caving drain environment into large potholing running track water
07072001.wav,Water surging into cave.,AMB,Environment,120.00,0,.wav,BBC_Sound_Effects,BBC_SFX_ECD132,British Broadcasting Corporation (BBC),BBC RemArc (Personal / Educational / Research),07072001,,2683,amb cave caving environment into potholing surging track water
07070096.wav,Apartment entry phone (ends with exterior door closing),FOL,Doors,18.00,0,.wav,BBC_Sound_Effects,BBC_SFX_ECD108,British Broadcasting Corporation (BBC),BBC RemArc (Personal / Educational / Research),07070096,,2978,apartment closing door doors ends entry exterior fol more phone phones track with
07070026.wav,"Hospital Lift, doors open, journey, stops at six floors (lift doors close, lift doors jammed open).",FOL,Doors,127.00,0,.wav,BBC_Sound_Effects,BBC_SFX_ECD028,British Broadcasting Corporation (BBC),BBC RemArc (Personal / Educational / Research),07070026,,3048,close doors floors fol hospital hospitals jammed journey lift open six stops track
07064273.wav,1 woman departs (reprocessed),FOL,Footsteps,21.00,0,.wav,BBC_Sound_Effects,BBC_SFX_ECD056,British Broadcasting Corporation (BBC),BBC RemArc (Personal / Educational / Research),07064273,,3686,departs fol footsteps reprocessed track woman
07064272.wav,1 woman approaches and stops (reprocessed),FOL,Footsteps,18.00,0,.wav,BBC_Sound_Effects,BBC_SFX_ECD056,British Broadcasting Corporation (BBC),BBC RemArc (Personal / Educational / Research),07064272,,3687,and approaches fol footsteps reprocessed stops track woman
07064271.wav,1 woman starts and stops (reprocessed),FOL,Footsteps,22.00,0,.wav,BBC_Sound_Effects,BBC_SFX_ECD056,British Broadcasting Corporation (BBC),BBC RemArc (Personal / Educational / Research),07064271,,3688,and fol footsteps reprocessed starts stops track woman
07064270.wav,2 men depart (reprocessed),FOL,Footsteps,20.00,0,.wav,BBC_Sound_Effects,BBC_SFX_ECD056,British Broadcasting Corporation (BBC),BBC RemArc (Personal / Educational / Research),07064270,,3689,depart fol footsteps men reprocessed track
07064269.wav,2 men approach and stop (reprocessed),FOL,Footsteps,26.00,0,.wav,BBC_Sound_Effects,BBC_SFX_ECD056,British Broadcasting Corporation (BBC),BBC RemArc (Personal / Educational / Research),07064269,,3690,and approach fol footsteps men reprocessed stop track
07064268.wav,2 men start and stop (reprocessed),FOL,Footsteps,41.00,0,.wav,BBC_Sound_Effects,BBC_SFX_ECD056,British Broadcasting Corporation (BBC),BBC RemArc (Personal / Educational / Research),07064268,,3691,and fol footsteps men reprocessed start stop track
07064267.wav,1 man departs (reprocessed),FOL,Footsteps,18.00,0,.wav,BBC_Sound_Effects,BBC_SFX_ECD056,British Broadcasting Corporation (BBC),BBC RemArc (Personal / Educational / Research),07064267,,3692,departs fol footsteps man reprocessed track
07064266.wav,1 man approaches and stops (reprocessed),FOL,Footsteps,18.00,0,.wav,BBC_Sound_Effects,BBC_SFX_ECD056,British Broadcasting Corporation (BBC),BBC RemArc (Personal / Educational / Research),07064266,,3693,and approaches fol footsteps man reprocessed stops track
07064265.wav,1 man starts and stops (reprocessed),FOL,Footsteps,34.00,0,.wav,BBC_Sound_Effects,BBC_SFX_ECD056,British Broadcasting Corporation (BBC),BBC RemArc (Personal / Educational / Research),07064265,,3694,and fol footsteps man reprocessed starts stops track
07064264.wav,1 woman departs (reprocessed),FOL,Footsteps,17.00,0,.wav,BBC_Sound_Effects,BBC_SFX_ECD056,British Broadcasting Corporation (BBC),BBC RemArc (Personal / Educational / Research),07064264,,3695,departs fol footsteps reprocessed track woman
07064263.wav,1 woman approaches and stops (reprocessed),FOL,Footsteps,25.00,0,.wav,BBC_Sound_Effects,BBC_SFX_ECD056,British Broadcasting Corporation (BBC),BBC RemArc (Personal / Educational / Research),07064263,,3696,and approaches fol footsteps reprocessed stops track woman
07064262.wav,1 woman starts and stops (reprocessed),FOL,Footsteps,36.00,0,.wav,BBC_Sound_Effects,BBC_SFX_ECD056,British Broadcasting Corporation (BBC),BBC RemArc (Personal / Educational / Research),07064262,,3697,and fol footsteps reprocessed starts stops track woman
07064261.wav,2 men depart (reprocessed),FOL,Footsteps,21.00,0,.wav,BBC_Sound_Effects,BBC_SFX_ECD056,British Broadcasting Corporation (BBC),BBC RemArc (Personal / Educational / Research),07064261,,3698,depart fol footsteps men reprocessed track
07064260.wav,2 men approach and stop (reprocessed),FOL,Footsteps,24.00,0,.wav,BBC_Sound_Effects,BBC_SFX_ECD056,British Broadcasting Corporation (BBC),BBC RemArc (Personal / Educational / Research),07064260,,3699,and approach fol footsteps men reprocessed stop track
07064259.wav,2 men start and stop (reprocessed),FOL,Footsteps,36.00,0,.wav,BBC_Sound_Effects,BBC_SFX_ECD056,British Broadcasting Corporation (BBC),BBC RemArc (Personal / Educational / Research),07064259,,3700,and fol footsteps men reprocessed start stop track
07064258.wav,1 man departs (reprocessed),FOL,Footsteps,20.00,0,.wav,BBC_Sound_Effects,BBC_SFX_ECD056,British Broadcasting Corporation (BBC),BBC RemArc (Personal / Educational / Research),07064258,,3701,departs fol footsteps man reprocessed track
07064257.wav,1 man approaches and stops (reprocessed),FOL,Footsteps,21.00,0,.wav,BBC_Sound_Effects,BBC_SFX_ECD056,British Broadcasting Corporation (BBC),BBC RemArc (Personal / Educational / Research),07064257,,3702,and approaches fol footsteps man reprocessed stops track
07064256.wav,1 man starts and stops (reprocessed),FOL,Footsteps,35.00,0,.wav,BBC_Sound_Effects,BBC_SFX_ECD056,British Broadcasting Corporation (BBC),BBC RemArc (Personal / Educational / Research),07064256,,3703,and fol footsteps man reprocessed starts stops track
07064255.wav,2 women depart (reprocessed),FOL,Footsteps,9.00,0,.wav,BBC_Sound_Effects,BBC_SFX_ECD056,British Broadcasting Corporation (BBC),BBC RemArc (Personal / Educational / Research),07064255,,3704,depart fol footsteps reprocessed track women
07064254.wav,2 women approach and stop (reprocessed),FOL,Footsteps,9.00,0,.wav,BBC_Sound_Effects,BBC_SFX_ECD056,British Broadcasting Corporation (BBC),BBC RemArc (Personal / Educational / Research),07064254,,3705,and approach fol footsteps reprocessed stop track women
07064253.wav,2 women start and stop (reprocessed),FOL,Footsteps,43.00,0,.wav,BBC_Sound_Effects,BBC_SFX_ECD056,British Broadcasting Corporation (BBC),BBC RemArc (Personal / Educational / Research),07064253,,3706,and fol footsteps reprocessed start stop track women
07064252.wav,1 woman departs (reprocessed),FOL,Footsteps,11.00,0,.wav,BBC_Sound_Effects,BBC_SFX_ECD056,British Broadcasting Corporation (BBC),BBC RemArc (Personal / Educational / Research),07064252,,3707,departs fol footsteps reprocessed track woman
07064251.wav,1 woman approaches and stops (reprocessed),FOL,Footsteps,9.00,0,.wav,BBC_Sound_Effects,BBC_SFX_ECD056,British Broadcasting Corporation (BBC),BBC RemArc (Personal / Educational / Research),07064251,,3708,and approaches fol footsteps reprocessed stops track woman
07064250.wav,1 woman starts and stops (reprocessed),FOL,Footsteps,49.00,0,.wav,BBC_Sound_Effects,BBC_SFX_ECD056,British Broadcasting Corporation (BBC),BBC RemArc (Personal / Educational / Research),07064250,,3709,and fol footsteps reprocessed starts stops track woman
07064249.wav,2 men depart (reprocessed),FOL,Footsteps,12.00,0,.wav,BBC_Sound_Effects,BBC_SFX_ECD056,British Broadcasting Corporation (BBC),BBC RemArc (Personal / Educational / Research),07064249,,3710,depart fol footsteps men reprocessed track
07064248.wav,2 men approach and stop (reprocessed),FOL,Footsteps,11.00,0,.wav,BBC_Sound_Effects,BBC_SFX_ECD056,British Broadcasting Corporation (BBC),BBC RemArc (Personal / Educational / Research),07064248,,3711,and approach fol footsteps men reprocessed stop track
07064247.wav,2 men start and stop (reprocessed),FOL,Footsteps,36.00,0,.wav,BBC_Sound_Effects,BBC_SFX_ECD056,British Broadcasting Corporation (BBC),BBC RemArc (Personal / Educational / Research),07064247,,3712,and fol footsteps men reprocessed start stop track
07064246.wav,1 man departs (reprocessed),FOL,Footsteps,13.00,0,.wav,BBC_Sound_Effects,BBC_SFX_ECD056,British Broadcasting Corporation (BBC),BBC RemArc (Personal / Educational / Research),07064246,,3713,departs fol footsteps man reprocessed track
07064245.wav,1 man approaches and stops (reprocessed),FOL,Footsteps,10.00,0,.wav,BBC_Sound_Effects,BBC_SFX_ECD056,British Broadcasting Corporation (BBC),BBC RemArc (Personal / Educational / Research),07064245,,3714,and approaches fol footsteps man reprocessed stops track
07064244.wav,1 man starts and stops (reprocessed),FOL,Footsteps,36.00,0,.wav,BBC_Sound_Effects,BBC_SFX_ECD056,British Broadcasting Corporation (BBC),BBC RemArc (Personal / Educational / Research),07064244,,3715,and fol footsteps man reprocessed starts stops track
07064243.wav,2 women depart (reprocessed),FOL,Footsteps,16.00,0,.wav,BBC_Sound_Effects,BBC_SFX_ECD056,British Broadcasting Corporation (BBC),BBC RemArc (Personal / Educational / Research),07064243,,3716,depart fol footsteps reprocessed track women
07064242.wav,2 women approach and stop (reprocessed),FOL,Footsteps,17.00,0,.wav,BBC_Sound_Effects,BBC_SFX_ECD056,British Broadcasting Corporation (BBC),BBC RemArc (Personal / Educational / Research),07064242,,3717,and approach fol footsteps reprocessed stop track women
07064241.wav,2 women start and stop (reprocessed),FOL,Footsteps,30.00,0,.wav,BBC_Sound_Effects,BBC_SFX_ECD056,British Broadcasting Corporation (BBC),BBC RemArc (Personal / Educational / Research),07064241,,3718,and fol footsteps reprocessed start stop track women
07064240.wav,1 woman departs (reprocessed),FOL,Footsteps,13.00,0,.wav,BBC_Sound_Effects,BBC_SFX_ECD056,British Broadcasting Corporation (BBC),BBC RemArc (Personal / Educational / Research),07064240,,3719,departs fol footsteps reprocessed track woman
07064239.wav,1 woman approaches and stops (reprocessed),FOL,Footsteps,15.00,0,.wav,BBC_Sound_Effects,BBC_SFX_ECD056,British Broadcasting Corporation (BBC),BBC RemArc (Personal / Educational / Research),07064239,,3720,and approaches fol footsteps reprocessed stops track woman
07064238.wav,1 woman starts and stops (reprocessed),FOL,Footsteps,37.00,0,.wav,BBC_Sound_Effects,BBC_SFX_ECD056,British Broadcasting Corporation (BBC),BBC RemArc (Personal / Educational / Research),07064238,,3721,and fol footsteps reprocessed starts stops track woman
07064237.wav,2 men depart (reprocessed),FOL,Footsteps,14.00,0,.wav,BBC_Sound_Effects,BBC_SFX_ECD056,British Broadcasting Corporation (BBC),BBC RemArc (Personal / Educational / Research),07064237,,3722,depart fol footsteps men reprocessed track
07064236.wav,2 men approach and stop (reprocessed),FOL,Footsteps,11.00,0,.wav,BBC_Sound_Effects,BBC_SFX_ECD056,British Broadcasting Corporation (BBC),BBC RemArc (Personal / Educational / Research),07064236,,3723,and approach fol footsteps men reprocessed stop track
07064235.wav,2 men start and stop (reprocessed),FOL,Footsteps,28.00,0,.wav,BBC_Sound_Effects,BBC_SFX_ECD056,British Broadcasting Corporation (BBC),BBC RemArc (Personal / Educational / Research),07064235,,3724,and fol footsteps men reprocessed start stop track
07064234.wav,1 man departs (reprocessed),FOL,Footsteps,12.00,0,.wav,BBC_Sound_Effects,BBC_SFX_ECD056,British Broadcasting Corporation (BBC),BBC RemArc (Personal / Educational / Research),07064234,,3725,departs fol footsteps man reprocessed track
07064233.wav,1 man approaches and stops (reprocessed),FOL,Footsteps,11.00,0,.wav,BBC_Sound_Effects,BBC_SFX_ECD056,British Broadcasting Corporation (BBC),BBC RemArc (Personal / Educational / Research),07064233,,3726,and approaches fol footsteps man reprocessed stops track
07064232.wav,1 man starts and stops (reprocessed),FOL,Footsteps,26.00,0,.wav,BBC_Sound_Effects,BBC_SFX_ECD056,British Broadcasting Corporation (BBC),BBC RemArc (Personal / Educational / Research),07064232,,3727,and fol footsteps man reprocessed starts stops track
07064231.wav,1 man 1 woman depart (reprocessed),FOL,Footsteps,15.00,0,.wav,BBC_Sound_Effects,BBC_SFX_ECD056,British Broadcasting Corporation (BBC),BBC RemArc (Personal / Educational / Research),07064231,,3728,depart fol footsteps man reprocessed track woman
07064230.wav,1 man 1 woman approach and stop (reprocessed),FOL,Footsteps,14.00,0,.wav,BBC_Sound_Effects,BBC_SFX_ECD056,British Broadcasting Corporation (BBC),BBC RemArc (Personal / Educational / Research),07064230,,3729,and approach fol footsteps man reprocessed stop track woman
07064229.wav,1 man 1 woman start and stop (reprocessed),FOL,Footsteps,15.00,0,.wav,BBC_Sound_Effects,BBC_SFX_ECD056,British Broadcasting Corporation (BBC),BBC RemArc (Personal / Educational / Research),07064229,,3730,and fol footsteps man reprocessed start stop track woman
07064228.wav,2 women depart (reprocessed),FOL,Footsteps,14.00,0,.wav,BBC_Sound_Effects,BBC_SFX_ECD056,British Broadcasting Corporation (BBC),BBC RemArc (Personal / Educational / Research),07064228,,3731,depart fol footsteps reprocessed track women
07064227.wav,2 women approach and stop (reprocessed),FOL,Footsteps,14.00,0,.wav,BBC_Sound_Effects,BBC_SFX_ECD056,British Broadcasting Corporation (BBC),BBC RemArc (Personal / Educational / Research),07064227,,3732,and approach fol footsteps reprocessed stop track women
07064226.wav,2 women start and stop (reprocessed),FOL,Footsteps,16.00,0,.wav,BBC_Sound_Effects,BBC_SFX_ECD056,British Broadcasting Corporation (BBC),BBC RemArc (Personal / Educational / Research),07064226,,3733,and fol footsteps reprocessed start stop track women
07064225.wav,1 woman departs (reprocessed),FOL,Footsteps,15.00,0,.wav,BBC_Sound_Effects,BBC_SFX_ECD056,British Broadcasting Corporation (BBC),BBC RemArc (Personal / Educational / Research),07064225,,3734,departs fol footsteps reprocessed track woman
07064224.wav,1 woman approaches and stops (reprocessed),FOL,Footsteps,16.00,0,.wav,BBC_Sound_Effects,BBC_SFX_ECD056,British Broadcasting Corporation (BBC),BBC RemArc (Personal / Educational / Research),07064224,,3735,and approaches fol footsteps reprocessed stops track woman
07064223.wav,1 woman starts and stops (reprocessed),FOL,Footsteps,14.00,0,.wav,BBC_Sound_Effects,BBC_SFX_ECD056,British Broadcasting Corporation (BBC),BBC RemArc (Personal / Educational / Research),07064223,,3736,and fol footsteps reprocessed starts stops track woman
07064222.wav,2 men depart (reprocessed),FOL,Footsteps,16.00,0,.wav,BBC_Sound_Effects,BBC_SFX_ECD056,British Broadcasting Corporation (BBC),BBC RemArc (Personal / Educational / Research),07064222,,3737,depart fol footsteps men reprocessed track
07064221.wav,2 men approach and stop (reprocessed),FOL,Footsteps,17.00,0,.wav,BBC_Sound_Effects,BBC_SFX_ECD056,British Broadcasting Corporation (BBC),BBC RemArc (Personal / Educational / Research),07064221,,3738,and approach fol footsteps men reprocessed stop track
07064220.wav,2 men start and stop (reprocessed),FOL,Footsteps,16.00,0,.wav,BBC_Sound_Effects,BBC_SFX_ECD056,British Broadcasting Corporation (BBC),BBC RemArc (Personal / Educational / Research),07064220,,3739,and fol footsteps men reprocessed start stop track
07064219.wav,1 man departs (reprocessed),FOL,Footsteps,17.00,0,.wav,BBC_Sound_Effects,BBC_SFX_ECD056,British Broadcasting Corporation (BBC),BBC RemArc (Personal / Educational / Research),07064219,,3740,departs fol footsteps man reprocessed track
07064218.wav,1 man approaches and stops (reprocessed),FOL,Footsteps,16.00,0,.wav,BBC_Sound_Effects,BBC_SFX_ECD056,British Broadcasting Corporation (BBC),BBC RemArc (Personal / Educational / Research),07064218,,3741,and approaches fol footsteps man reprocessed stops track
07064217.wav,1 man starts and stops (reprocessed),FOL,Footsteps,15.00,0,.wav,BBC_Sound_Effects,BBC_SFX_ECD056,British Broadcasting Corporation (BBC),BBC RemArc (Personal / Educational / Research),07064217,,3742,and fol footsteps man reprocessed starts stops track
07064216.wav,1 man 1 woman depart (reprocessed),FOL,Footsteps,16.00,0,.wav,BBC_Sound_Effects,BBC_SFX_ECD056,British Broadcasting Corporation (BBC),BBC RemArc (Personal / Educational / Research),07064216,,3743,depart fol footsteps man reprocessed track woman
07064215.wav,1 man 1 woman approach and stop (reprocessed),FOL,Footsteps,20.00,0,.wav,BBC_Sound_Effects,BBC_SFX_ECD056,British Broadcasting Corporation (BBC),BBC RemArc (Personal / Educational / Research),07064215,,3744,and approach fol footsteps man reprocessed stop track woman
07064214.wav,1 man 1 woman start and stop (reprocessed),FOL,Footsteps,22.00,0,.wav,BBC_Sound_Effects,BBC_SFX_ECD056,British Broadcasting Corporation (BBC),BBC RemArc (Personal / Educational / Research),07064214,,3745,and fol footsteps man reprocessed start stop track woman
07064213.wav,2 women depart (reprocessed),FOL,Footsteps,20.00,0,.wav,BBC_Sound_Effects,BBC_SFX_ECD056,British Broadcasting Corporation (BBC),BBC RemArc (Personal / Educational / Research),07064213,,3746,depart fol footsteps reprocessed track women
07064212.wav,2 women approach and stop (reprocessed),FOL,Footsteps,24.00,0,.wav,BBC_Sound_Effects,BBC_SFX_ECD056,British Broadcasting Corporation (BBC),BBC RemArc (Personal / Educational / Research),07064212,,3747,and approach fol footsteps reprocessed stop track women
07064211.wav,2 women start and stop (reprocessed),FOL,Footsteps,25.00,0,.wav,BBC_Sound_Effects,BBC_SFX_ECD056,British Broadcasting Corporation (BBC),BBC RemArc (Personal / Educational / Research),07064211,,3748,and fol footsteps reprocessed start stop track women
07064210.wav,1 woman departs (reprocessed),FOL,Footsteps,19.00,0,.wav,BBC_Sound_Effects,BBC_SFX_ECD056,British Broadcasting Corporation (BBC),BBC RemArc (Personal / Educational / Research),07064210,,3749,departs fol footsteps reprocessed track woman
07064209.wav,1 woman approaches and stops (reprocessed),FOL,Footsteps,22.00,0,.wav,BBC_Sound_Effects,BBC_SFX_ECD056,British Broadcasting Corporation (BBC),BBC RemArc (Personal / Educational / Research),07064209,,3750,and approaches fol footsteps reprocessed stops track woman
07064208.wav,1 woman starts and stops (reprocessed),FOL,Footsteps,17.00,0,.wav,BBC_Sound_Effects,BBC_SFX_ECD056,British Broadcasting Corporation (BBC),BBC RemArc (Personal / Educational / Research),07064208,,3751,and fol footsteps reprocessed starts stops track woman
07064207.wav,2 men depart (reprocessed),FOL,Footsteps,20.00,0,.wav,BBC_Sound_Effects,BBC_SFX_ECD056,British Broadcasting Corporation (BBC),BBC RemArc (Personal / Educational / Research),07064207,,3752,depart fol footsteps men reprocessed track
07064206.wav,2 men approach and stop (reprocessed),FOL,Footsteps,23.00,0,.wav,BBC_Sound_Effects,BBC_SFX_ECD056,British Broadcasting Corporation (BBC),BBC RemArc (Personal / Educational / Research),07064206,,3753,and approach fol footsteps men reprocessed stop track
07064205.wav,2 men start and stop (reprocessed),FOL,Footsteps,20.00,0,.wav,BBC_Sound_Effects,BBC_SFX_ECD056,British Broadcasting Corporation (BBC),BBC RemArc (Personal / Educational / Research),07064205,,3754,and fol footsteps men reprocessed start stop track
07064204.wav,1 man departs (reprocessed),FOL,Footsteps,19.00,0,.wav,BBC_Sound_Effects,BBC_SFX_ECD056,British Broadcasting Corporation (BBC),BBC RemArc (Personal / Educational / Research),07064204,,3755,departs fol footsteps man reprocessed track
07064203.wav,1 man approaches and stops (reprocessed),FOL,Footsteps,21.00,0,.wav,BBC_Sound_Effects,BBC_SFX_ECD056,British Broadcasting Corporation (BBC),BBC RemArc (Personal / Educational / Research),07064203,,3756,and approaches fol footsteps man reprocessed stops track
07064202.wav,1 man starts and stops (reprocessed),FOL,Footsteps,24.00,0,.wav,BBC_Sound_Effects,BBC_SFX_ECD056,British Broadcasting Corporation (BBC),BBC RemArc (Personal / Educational / Research),07064202,,3757,and fol footsteps man reprocessed starts stops track
Sonniss_Medieval_Broadsword_Draw_01.wav,Medieval Broadsword Draw (Leather Scabbard),FOL,Combat,1.45,0,.wav,Sonniss_GDC,Sonniss_GDC_Curated_Archive,Sonniss / Partner Sound Designers,Commercial Royalty-Free (Sonniss GDC Archive),Sonniss_Medieval_Broadsword_Draw_01,Sonniss_Medieval_Broadsword_Draw,668,broadsword combat draw drawn fol from heavy leather medieval metallic scabbard scraping smoothly sonniss steel stiff tail with
Sonniss_Steel_Blade_Clash_Heavy_02.wav,Heavy Steel Blade Clash & High Ring,FOL,Combat,1.82,0,.wav,Sonniss_GDC,Sonniss_GDC_Curated_Archive,Sonniss / Partner Sound Designers,Commercial Royalty-Free (Sonniss GDC Archive),Sonniss_Steel_Blade_Clash_Heavy_02,Sonniss_Steel_Blade_Clash_Heavy,669,and between blade blades carbon clash combat direct fol heavy high impact lingering overtone ring sharp sonniss steel transient two violent with
Sonniss_Armor_Plate_Movement_Rustle_01.wav,Full Plate Armor Movement & Mail Rattle,FOL,Props,2.10,0,.wav,Sonniss_GDC,Sonniss_GDC_Curated_Archive,Sonniss / Partner Sound Designers,Commercial Royalty-Free (Sonniss GDC Archive),Sonniss_Armor_Plate_Movement_Rustle_01,Sonniss_Armor_Plate_Movement_Rustle,670,armor articulated chainmail fol full knight leather mail movement over plate props rattle rustle sonniss steel strap tension walking with
Sonniss_Heavy_Boots_Wet_Gravel_Walk_01.wav,Heavy Boots Walking on Wet Gravel,FOL,Footsteps,3.40,0,.wav,Sonniss_GDC,Sonniss_GDC_Curated_Archive,Sonniss / Partner Sound Designers,Commercial Royalty-Free (Sonniss GDC Archive),Sonniss_Heavy_Boots_Wet_Gravel_Walk_01,Sonniss_Heavy_Boots_Wet_Gravel_Walk,671,boot boots crunching deliberate fol footsteps gravel heavy leather military muddy road sonniss walk walking wet
Sonniss_Ancient_Dungeon_Crypt_Ambience_Loop.wav,Subterranean Crypt & Cave Drone,AMB,Fantasy,60.00,0,.wav,Sonniss_GDC,Sonniss_GDC_Curated_Archive,Sonniss / Partner Sound Designers,Commercial Royalty-Free (Sonniss GDC Archive),Sonniss_Ancient_Dungeon_Crypt_Ambience_Loop,,672,air amb ancient and cave crypt deep distant drips drone dungeon fantasy heavy loop low masonry pressure reverb rumbling sonniss subterranean subtle water with
Sonniss_Arcane_Spell_Charge_Ignite_01.wav,Arcane Fire Combustion & Whoosh,SFX,Magic,2.50,0,.wav,Sonniss_GDC,Sonniss_GDC_Curated_Archive,Sonniss / Partner Sound Designers,Commercial Royalty-Free (Sonniss GDC Archive),Sonniss_Arcane_Spell_Charge_Ignite_01,Sonniss_Arcane_Spell_Charge_Ignite,673,arcane burst charge combustion concussive explosive fire flame followed frequency high hum ignite magic magical sfx sonniss spell subtle whoosh
Sonniss_Beast_Throat_Snarl_Growl_01.wav,Guttural Monster Throat Growl,SFX,Monster,2.80,0,.wav,Sonniss_GDC,Sonniss_GDC_Curated_Archive,Sonniss / Partner Sound Designers,Commercial Royalty-Free (Sonniss GDC Archive),Sonniss_Beast_Throat_Snarl_Growl_01,Sonniss_Beast_Throat_Snarl_Growl,674,and bass beast breath deep growl guttural low menacing monster predatory saliva sfx snarl sonniss sub throat vibration wet with
Sonniss_Heavy_Oak_Door_Creak_Slam_01.wav,Massive Iron-Bound Oak Door Creak & Heavy Thud,FOL,Doors,3.10,0,.wav,Sonniss_GDC,Sonniss_GDC_Curated_Archive,Sonniss / Partner Sound Designers,Commercial Royalty-Free (Sonniss GDC Archive),Sonniss_Heavy_Oak_Door_Creak_Slam_01,Sonniss_Heavy_Oak_Door_Creak_Slam,675,bound creak door doors fol followed fortress groan heavy hinges iron latch massive oak resonant rusty slam slow solid sonniss thud
Sonniss_Tavern_Mug_Slam_Wooden_Table_01.wav,Wooden Tankard Slam on Oak Table,FOL,Tavern,1.20,0,.wav,Sonniss_GDC,Sonniss_GDC_Curated_Archive,Sonniss / Partner Sound Designers,Commercial Royalty-Free (Sonniss GDC Archive),Sonniss_Tavern_Mug_Slam_Wooden_Table_01,Sonniss_Tavern_Mug_Slam_Wooden_Table,676,down fol heavy liquid mug oak onto pewter rough slam slammed sonniss splash table tabletop tankard tavern violently with wooden
Sonniss_Medieval_Horse_Carriage_Cobblestone_01.wav,Horse Drawn Carriage on Wet Cobblestones,AMB,Atmosphere,28.00,0,.wav,Sonniss_GDC,Sonniss_GDC_Curated_Archive,Sonniss / Partner Sound Designers,Commercial Royalty-Free (Sonniss GDC Archive),Sonniss_Medieval_Horse_Carriage_Cobblestone_01,Sonniss_Medieval_Horse_Carriage_Cobblestone,677,amb and atmosphere carriage clopping cobblestone cobblestones continuous drawn harness hooves horse iron jingle medieval over rattling rimmed sonniss wet wheels with
